--- PRODUCT ---
INSERT INTO product (id, name, price, category, status, image, description, allergens, volume_ml,
                     calories, caffeine_mg, sodium_mg, sugarg, proteing, saturated_fatg,
                     created_at, modified_at)
VALUES (1, '아메리카노', 2000, 'COFFEE_HOT', 'SELLING',
        'https://giosk-bucket.s3.ap-northeast-2.amazonaws.com/product/75a746ad-5365-4f5e-bc04-aec653fde916_%E1%84%8B%E1%85%A1%E1%84%86%E1%85%A6%E1%84%85%E1%85%B5%E1%84%8F%E1%85%A1%E1%84%82%E1%85%A9.jpg',
        '[기본2샷]메가MGC커피 블렌드 원두로 추출한 에스프레소에 물을 더해, 풍부한 바디감을 느낄 수 있는 스탠다드 커피.',
        '고카페인 함유', '710ml', 12.2, 199.7, 1.5, 0.0, 1.0, 0.0, NOW(), NOW());

INSERT INTO product (id, name, price, category, status, image, description, allergens, volume_ml,
                     calories, caffeine_mg, sodium_mg, sugarg, proteing, saturated_fatg,
                     created_at, modified_at)
VALUES (2, '카페라떼', 3000, 'COFFEE_HOT', 'SELLING',
        'https://giosk-bucket.s3.ap-northeast-2.amazonaws.com/product/7cd83227-1255-42e4-9698-161d9e23f3d5_%E1%84%8F%E1%85%A1%E1%84%91%E1%85%A6%E1%84%85%E1%85%A1%E1%84%90%E1%85%A6.jpg',
        '진한 에스프레소와 부드러운 우유가 어우러져 고소한 풍미를 완성한 라떼.', '우유, 고카페인 함유', '591ml', 175.4, 189.9,
        101.5, 10.8, 10.0, 5.2, NOW(), NOW());

INSERT INTO product (id, name, price, category, status, image, description, allergens, volume_ml,
                     calories, caffeine_mg, sodium_mg, sugarg, proteing, saturated_fatg,
                     created_at, modified_at)
VALUES (3, '카라멜마끼아또', 3500, 'COFFEE_HOT', 'SELLING',
        'https://giosk-bucket.s3.ap-northeast-2.amazonaws.com/product/45cf8b5f-805c-4703-bf43-d2c1e92f6275_%E1%84%8F%E1%85%A1%E1%84%85%E1%85%A1%E1%84%86%E1%85%A6%E1%86%AF%E1%84%86%E1%85%A1%E1%84%81%E1%85%B5%E1%84%8B%E1%85%A1%E1%84%84%E1%85%A9.jpg',
        '폼 밀크 속에 진한 에스프레소와 달콤한 카라멜을 가미해 부드럽게 즐기는 커피.', '우유, 고카페인 함유', '591ml', 244.9, 206.7,
        76.1, 20.9, 8.9, 5.0, NOW(), NOW());

INSERT INTO product (id, name, price, category, status, image, description, allergens, volume_ml,
                     calories, caffeine_mg, sodium_mg, sugarg, proteing, saturated_fatg,
                     created_at, modified_at)
VALUES (4, '카페모카', 3800, 'COFFEE_HOT', 'SELLING',
        'https://giosk-bucket.s3.ap-northeast-2.amazonaws.com/product/7b26996d-0ad5-4a17-9a86-0194e5313bfa_%E1%84%8F%E1%85%A1%E1%84%91%E1%85%A6%E1%84%86%E1%85%A9%E1%84%8F%E1%85%A1.jpg',
        '초콜릿을 만나 풍부해진 에스프레소와 고소한 우유, 부드러운 휘핑크림까지 더해 달콤하게 즐기는 커피.', '우유, 대두, 고카페인 함유', '591ml', 359.6, 233.2,
        159.8, 40.8, 11.2, 10.6, NOW(), NOW());

INSERT INTO product (id, name, price, category, status, image, description, allergens, volume_ml,
                     calories, caffeine_mg, sodium_mg, sugarg, proteing, saturated_fatg,
                     created_at, modified_at)
VALUES (5, '카푸치노', 3200, 'COFFEE_HOT', 'SELLING',
        'https://giosk-bucket.s3.ap-northeast-2.amazonaws.com/product/5576dd2a-f35a-4aa5-a8b6-32bcb64bd131_%E1%84%8F%E1%85%A1%E1%84%91%E1%85%AE%E1%84%8E%E1%85%B5%E1%84%82%E1%85%A9.jpg',
        '에스프레소 위에 올려진 우유 거품, 그리고 시나몬 파우더로 완성한 조화로운 맛의 커피.', '우유, 고카페인 함유', '591ml', 145.5, 201.4,
        60.7, 3.4, 8.2, 4.1, NOW(), NOW());

INSERT INTO product (id, name, price, category, status, image, description, allergens, volume_ml,
                     calories, caffeine_mg, sodium_mg, sugarg, proteing, saturated_fatg,
                     created_at, modified_at)
VALUES (6, '바닐라라떼', 3600, 'COFFEE_ICE', 'SELLING',
        'https://giosk-bucket.s3.ap-northeast-2.amazonaws.com/product/e7258388-1485-4e68-a589-86bb9a4daf5c_%E1%84%87%E1%85%A1%E1%84%82%E1%85%B5%E1%86%AF%E1%84%85%E1%85%A1%E1%84%85%E1%85%A1%E1%84%90%E1%85%A6.jpg',
        '바닐라의 진한 향과 풍부한 폼 밀크의 조화가 인상적인 달콤한 라떼.', '우유, 고카페인 함유', '591ml', 239.2, 195.1,
        74.1, 23.7, 7.1, 3.9, NOW(), NOW());

INSERT INTO product (id, name, price, category, status, image, description, allergens, volume_ml,
                     calories, caffeine_mg, sodium_mg, sugarg, proteing, saturated_fatg,
                     created_at, modified_at)
VALUES (7, '카라멜마끼아또', 3500, 'COFFEE_ICE', 'SELLING',
        'https://giosk-bucket.s3.ap-northeast-2.amazonaws.com/product/e5758267-5b4a-4ffe-9789-2b7b9bb7e8fa_%E1%84%8F%E1%85%A1%E1%84%85%E1%85%A1%E1%84%86%E1%85%A6%E1%86%AF%E1%84%86%E1%85%A1%E1%84%81%E1%85%B5%E1%84%8B%E1%85%A1%E1%84%84%E1%85%A9_ICE.jpg',
        '폼 밀크 속에 진한 에스프레소와 달콤한 카라멜을 가미해 부드럽게 즐기는 커피.', '우유, 고카페인 함유', '591ml', 243.9, 208.0,
        61.1, 18.5, 7.1, 3.9, NOW(), NOW());

INSERT INTO product (id, name, price, category, status, image, description, allergens, volume_ml,
                     calories, caffeine_mg, sodium_mg, sugarg, proteing, saturated_fatg,
                     created_at, modified_at)
VALUES (8, '사과유자차', 3300, 'TEA', 'SELLING',
        'https://giosk-bucket.s3.ap-northeast-2.amazonaws.com/product/a6a76be2-8c4e-4bd3-95b6-372967b67bd8_%E1%84%89%E1%85%A1%E1%84%80%E1%85%AA%E1%84%8B%E1%85%B2%E1%84%8C%E1%85%A1%E1%84%8E%E1%85%A1.jpg',
        '애플티의 향긋함과 유자청의 상큼달콤함을 한컵에 담아낸 과일티.', '', '591ml', 227.1, 0.0,
        89.3, 47.0, 0.3, 0.0, NOW(), NOW());

INSERT INTO product (id, name, price, category, status, image, description, allergens, volume_ml,
                     calories, caffeine_mg, sodium_mg, sugarg, proteing, saturated_fatg,
                     created_at, modified_at)
VALUES (9, '왕메가사과유자', 3800, 'TEA', 'SELLING',
        'https://giosk-bucket.s3.ap-northeast-2.amazonaws.com/product/7f5b1637-05a6-4c91-84af-496a099c0744_%E1%84%8B%E1%85%AA%E1%86%BC%E1%84%86%E1%85%A6%E1%84%80%E1%85%A1%E1%84%89%E1%85%A1%E1%84%80%E1%85%AA%E1%84%8B%E1%85%B2%E1%84%8C%E1%85%A1.jpg',
        '애플티의 향긋함과 유자청의 상큼달콤함을 느낄 수 있는 메가MGC커피만의 왕메가사이즈 과일티', '', '946ml', 313.3, 0.0,
        120.4, 76.7, 0.2, 0.1, NOW(), NOW());

INSERT INTO product (id, name, price, category, status, image, description, allergens, volume_ml,
                     calories, caffeine_mg, sodium_mg, sugarg, proteing, saturated_fatg,
                     created_at, modified_at)
VALUES (10, '캐모마일', 2900, 'TEA', 'SELLING',
        'https://giosk-bucket.s3.ap-northeast-2.amazonaws.com/product/e496278b-ba9a-4628-8fb0-b7f0316a7d15_%E1%84%8F%E1%85%A2%E1%84%86%E1%85%A9%E1%84%86%E1%85%A1%E1%84%8B%E1%85%B5%E1%86%AF.jpg',
        '마음을 진정 시켜주는 산뜻한 풀내음을 느낄 수 있는 허브티.', '', '710ml', 1.3, 0.0,
        2.5, 0.0, 0.1, 0.0, NOW(), NOW());

INSERT INTO product (id, name, price, category, status, image, description, allergens, volume_ml,
                     calories, caffeine_mg, sodium_mg, sugarg, proteing, saturated_fatg,
                     created_at, modified_at)
VALUES (11, '제로 부스트 에이드', 3900, 'SMOOTHIE_FRAPPE', 'SELLING',
        'https://giosk-bucket.s3.ap-northeast-2.amazonaws.com/product/b7ee2011-60d8-4ec4-9cc4-cb18404ad4a5_%E1%84%8C%E1%85%A6%E1%84%85%E1%85%A9%E1%84%87%E1%85%AE%E1%84%89%E1%85%B3%E1%84%90%E1%85%B3%E1%84%8B%E1%85%A6%E1%84%8B%E1%85%B5%E1%84%83%E1%85%B3.jpg',
        '지친 현대인들에게 필요한 한 잔의 에너지! 타우린 1,000mg이 들어가 활력이 충전되는 에너지드링크맛 제로 칼로리 에이드\n*대체당(알룰로스 등)을 과도하게 섭취 시 개인에 따라 복통 및 설사 등을 유발 할 수 있으니 주의하세요.',
        '', '710ml', 15.7, 0.0,
        66.0, 0.6, 0.8, 0.1, NOW(), NOW());

INSERT INTO product (id, name, price, category, status, image, description, allergens, volume_ml,
                     calories, caffeine_mg, sodium_mg, sugarg, proteing, saturated_fatg,
                     created_at, modified_at)
VALUES (12, '피치푸룬주스', 3500, 'SMOOTHIE_FRAPPE', 'SELLING',
        'https://giosk-bucket.s3.ap-northeast-2.amazonaws.com/product/f3faff8e-e174-4672-bf4e-edae9ab87221_%E1%84%91%E1%85%B5%E1%84%8E%E1%85%B5%E1%84%91%E1%85%AE%E1%84%85%E1%85%AE%E1%86%AB%E1%84%8C%E1%85%AE%E1%84%89%E1%85%B3.jpg',
        '달콤한 복숭아와 식이섬유가 풍부한 푸룬, 프리바이오틱스를 더해 건강한 블렌딩 주스', '복숭아', '591ml', 257.2, 0.0,
        62.6, 35.7, 0.7, 0.1, NOW(), NOW());

INSERT INTO product (id, name, price, category, status, image, description, allergens, volume_ml,
                     calories, caffeine_mg, sodium_mg, sugarg, proteing, saturated_fatg,
                     created_at, modified_at)
VALUES (13, '골드키위주스', 3700, 'SMOOTHIE_FRAPPE', 'SELLING',
        'https://giosk-bucket.s3.ap-northeast-2.amazonaws.com/product/8ce1a5d0-ba14-4221-abb9-01e91aa8257e_%E1%84%80%E1%85%A9%E1%86%AF%E1%84%83%E1%85%B3%E1%86%AB%E1%84%8F%E1%85%B5%E1%84%8B%E1%85%B1%E1%84%8C%E1%85%AE%E1%84%89%E1%85%B3.jpg',
        '상큼달콤한 프리미엄 골드키위에 밀크씨슬을 더해 일상의 활력을 선사하는 건강한 블렌딩 주스', '', '591ml', 202.8, 0.0,
        15.0, 43.1, 1.2, 0.1, NOW(), NOW());
INSERT INTO product (id, name, price, category, status, image, description, allergens, volume_ml,
                     calories, caffeine_mg, sodium_mg, sugarg, proteing, saturated_fatg, created_at, modified_at)
VALUES (14, '(HOT)디카페인 헛개리카노', 3000, 'DECAF', 'SELLING',
        'https://giosk-bucket.s3.ap-northeast-2.amazonaws.com/product/f78a6b42-c7de-4531-9009-0fcfdc8b70ce_%E1%84%92%E1%85%A1%E1%86%BA%E1%84%83%E1%85%B5%E1%84%8F%E1%85%A1%E1%84%91%E1%85%A6%E1%84%8B%E1%85%B5%E1%86%AB%E1%84%92%E1%85%A5%E1%86%BA%E1%84%80%E1%85%A2%E1%84%85%E1%85%B5%E1%84%8F%E1%85%A1%E1%84%82%E1%85%A9.jpg',
        '국내산 헛개수와 메가MGC커피만의 아메리카노를 더해 고소한 맛이 조화로운 디카페인 블렌딩 커피', '', '591ml', 34.2, 9.1,
        10.2, 0.0, 0.6, 0.1, NOW(), NOW());

INSERT INTO product (id, name, price, category, status, image, description, allergens, volume_ml,
                     calories, caffeine_mg, sodium_mg, sugarg, proteing, saturated_fatg, created_at, modified_at)
VALUES (15, '(ICE)디카페인 헛개리카노', 3000, 'DECAF', 'SELLING',
        'https://giosk-bucket.s3.ap-northeast-2.amazonaws.com/product/547ef9cd-4080-4493-a48f-50239b8af6b8_%E1%84%8B%E1%85%A1%E1%84%8B%E1%85%B5%E1%84%89%E1%85%B3%E1%84%83%E1%85%B5%E1%84%8F%E1%85%A1%E1%84%91%E1%85%A6%E1%84%8B%E1%85%B5%E1%86%AB%E1%84%92%E1%85%A5%E1%86%BA%E1%84%80%E1%85%A2%E1%84%85%E1%85%B5%E1%84%8F%E1%85%A1%E1%84%82%E1%85%A9.jpg',
        '국내산 헛개수와 메가MGC커피만의 아메리카노를 더해 고소한 맛이 조화로운 디카페인 블렌딩 커피', '', '710ml', 33.3, 5.3,
        8.3, 0.0, 0.8, 0.1, NOW(), NOW());

INSERT INTO product (id, name, price, category, status, image, description, allergens, volume_ml,
                     calories, caffeine_mg, sodium_mg, sugarg, proteing, saturated_fatg, created_at, modified_at)
VALUES (16, '딸기라떼', 4500, 'BEVERAGE', 'SELLING',
        'https://giosk-bucket.s3.ap-northeast-2.amazonaws.com/product/10d129c4-b20c-45a5-9b6e-3d1c418054b3_%E1%84%84%E1%85%A1%E1%86%AF%E1%84%80%E1%85%B5%E1%84%85%E1%85%A1%E1%84%84%E1%85%A6.jpg',
        '딸기과육이 풍부히 느껴지는 스테디 셀러 산뜻하고 달콤한 딸기가 가득해 부드러운 우유와 어우러져 더욱 기분 좋게 즐기는 아이스 라떼', '우유', '591ml', 366.4, 0.0,
        50.0, 47.3, 5.8, 3.0, NOW(), NOW());

INSERT INTO product (id, name, price, category, status, image, description, allergens, volume_ml,
                     calories, caffeine_mg, sodium_mg, sugarg, proteing, saturated_fatg, created_at, modified_at)
VALUES (17, '왕메가초코', 5000, 'BEVERAGE', 'SELLING',
        'https://giosk-bucket.s3.ap-northeast-2.amazonaws.com/product/a9710960-be7c-4ee4-ab4f-1dbcc22e777a_%E1%84%8B%E1%85%AA%E1%86%BC%E1%84%86%E1%85%A6%E1%84%80%E1%85%A1%E1%84%8E%E1%85%A9%E1%84%8F%E1%85%A9.jpg',
        '부드러운 우유에 진한 초코소스가 어우러져 달콤하게 입맛을 깨우는 왕 메가 사이즈 초코음료', '우유', '946ml', 574.2, 35.6,
        267.1, 77.3, 11.9, 6.7, NOW(), NOW());

INSERT INTO product (id, name, price, category, status, image, description, allergens, volume_ml,
                     calories, caffeine_mg, sodium_mg, sugarg, proteing, saturated_fatg, created_at, modified_at)
VALUES (18, '왕메가 딸기라떼', 5000, 'BEVERAGE', 'SELLING',
        'https://giosk-bucket.s3.ap-northeast-2.amazonaws.com/product/5de7ab9e-9be1-4475-9f6d-8fc1dd9fb718_%E1%84%8B%E1%85%AA%E1%86%BC%E1%84%86%E1%85%A6%E1%84%80%E1%85%A1%E1%84%84%E1%85%A1%E1%86%AF%E1%84%80%E1%85%B5%E1%84%85%E1%85%A1%E1%84%84%E1%85%A6.jpg',
        '이보다 더 딸기가 많을 순 없다! 왕메가사이즈에 듬뿍 넣은 딸기과육과 부드러운 우유의 핑크빛 하모니를 하루종일 느낄 수 있는 딸기시즌 한정 왕메가 딸기라떼', '우유', '946ml', 544.9,
        0.0,
        80.0, 111.9, 8.2, 3.4, NOW(), NOW());

INSERT INTO product (id, name, price, category, status, image, description, allergens, volume_ml,
                     calories, caffeine_mg, sodium_mg, sugarg, proteing, saturated_fatg, created_at, modified_at)
VALUES (19, '메가베리 아사이볼', 5200, 'DESSERT', 'SELLING',
        'https://giosk-bucket.s3.ap-northeast-2.amazonaws.com/product/cffd7677-4c41-4fc5-8f58-5a7d7eedbc7e_%E1%84%86%E1%85%A6%E1%84%80%E1%85%A1%E1%84%87%E1%85%A6%E1%84%85%E1%85%B5%E1%84%8B%E1%85%A1%E1%84%89%E1%85%A1%E1%84%8B%E1%85%B5%E1%84%87%E1%85%A9%E1%86%AF.jpg',
        '상큼달콤 아사이볼 속에 세 가지의 달콤한 베리와 건강한 그래놀라가 더해져 시원 달달하게 즐길 수 있는 딸기시즌 한정 디저트', '밀', '414ml', 313, 0.0,
        12, 43, 4, 1.0, NOW(), NOW());

INSERT INTO product (id, name, price, category, status, image, description, allergens, volume_ml,
                     calories, caffeine_mg, sodium_mg, sugarg, proteing, saturated_fatg, created_at, modified_at)
VALUES (20, '치즈 품은 감자빵', 2900, 'DESSERT', 'SELLING',
        'https://giosk-bucket.s3.ap-northeast-2.amazonaws.com/product/b94a4d94-0269-400e-bdc2-48ed7c252234_%E1%84%8E%E1%85%B5%E1%84%8C%E1%85%B3%E1%84%91%E1%85%AE%E1%86%B7%E1%84%8B%E1%85%B3%E1%86%AB%E1%84%80%E1%85%A1%E1%86%B7%E1%84%8C%E1%85%A1%E1%84%88%E1%85%A1%E1%86%BC.jpg',
        '풍미 깊은 치즈와 포슬포슬한 감자를 가득 담아 낸 쌀가루로 만든 빵', '밀, 대두, 우유, 계란', 'One size', 312, 0.0,
        559, 5, 12, 4.0, NOW(), NOW());

INSERT INTO product (id, name, price, category, status, image, description, allergens, volume_ml,
                     calories, caffeine_mg, sodium_mg, sugarg, proteing, saturated_fatg, created_at, modified_at)
VALUES (21, '와앙 메가초코 크로칸슈', 2500, 'DESSERT', 'SELLING',
        'https://giosk-bucket.s3.ap-northeast-2.amazonaws.com/product/e1749ca4-5fd3-4328-9e83-409819d84395_%E1%84%8B%E1%85%AA%E1%84%8B%E1%85%A1%E1%86%BC%E1%84%86%E1%85%A6%E1%84%80%E1%85%A1%E1%84%8E%E1%85%A9%E1%84%8F%E1%85%A9%E1%84%8F%E1%85%B3%E1%84%85%E1%85%A9%E1%84%8F%E1%85%A1%E1%86%AB%E1%84%89%E1%85%B2.jpg',
        '바삭한 초코 크로칸슈 안에 부드럽고 달콤한 초코 크림을 가득 채운 디저트', '우유, 대두, 밀, 계란', 'One size', 274, 0.0,
        97, 20, 4, 3.4, NOW(), NOW());

INSERT INTO product (id, name, price, category, status, image, description, allergens, volume_ml,
                     calories, caffeine_mg, sodium_mg, sugarg, proteing, saturated_fatg, created_at, modified_at)
VALUES (22, '엠지씨네 메가칩', 2000, 'DESSERT', 'SELLING',
        'https://giosk-bucket.s3.ap-northeast-2.amazonaws.com/product/c835c905-6686-431d-9e45-bd082ae5bc24_%E1%84%8B%E1%85%A6%E1%86%B7%E1%84%8C%E1%85%B5%E1%84%8A%E1%85%B5%E1%84%82%E1%85%A6%E1%84%86%E1%85%A6%E1%84%80%E1%85%A1%E1%84%8E%E1%85%B5%E1%86%B8.jpg',
        '엠지씨 이름을 걸고 만들었다! 메밀로 만든 짭짤 고소한 김맛 건강스낵', '밀, 메밀, 우유, 대두', 'One size', 210, 0.0,
        223, 1, 2, 5.0, NOW(), NOW());

INSERT INTO product (id, name, price, category, status, image, description, allergens, volume_ml,
                     calories, caffeine_mg, sodium_mg, sugarg, proteing, saturated_fatg, created_at, modified_at)
VALUES (23, '초코스모어쿠키', 2800, 'DESSERT', 'SELLING',
        'https://giosk-bucket.s3.ap-northeast-2.amazonaws.com/product/a19807e9-89aa-44a4-9210-3807c02f87be_%E1%84%8E%E1%85%A9%E1%84%8F%E1%85%A9%E1%84%89%E1%85%B3%E1%84%86%E1%85%A9%E1%84%8B%E1%85%A5%E1%84%8F%E1%85%AE%E1%84%8F%E1%85%B5.jpg',
        '초코칩이 콕콕 박힌 촉촉한 초코 쿠키에 달콤하게 구운 마시멜로우가 만나 더 진한 초코 맛 쿠키', '계란, 우유, 대두, 밀, 돼지고기', '133g', 578.9, 0.0,
        590, 34, 10, 15.0, NOW(), NOW());


--- OPTION_GROUP ---
INSERT INTO option_group (id, product_id, name, created_at, modified_at)
VALUES (1, 1, '샷 추가', NOW(), NOW());

INSERT INTO option_group (id, product_id, name, created_at, modified_at)
VALUES (2, 2, '샷 추가', NOW(), NOW());

INSERT INTO option_group (id, product_id, name, created_at, modified_at)
VALUES (3, 2, '우유 선택', NOW(), NOW());

INSERT INTO option_group (id, product_id, name, created_at, modified_at)
VALUES (4, 3, '샷 추가', NOW(), NOW());

INSERT INTO option_group (id, product_id, name, created_at, modified_at)
VALUES (5, 3, '휘핑 추가', NOW(), NOW());

INSERT INTO option_group (id, product_id, name, created_at, modified_at)
VALUES (6, 4, '샷 추가', NOW(), NOW());

INSERT INTO option_group (id, product_id, name, created_at, modified_at)
VALUES (7, 4, '휘핑 추가', NOW(), NOW());

INSERT INTO option_group (id, product_id, name, created_at, modified_at)
VALUES (8, 5, '샷 추가', NOW(), NOW());

INSERT INTO option_group (id, product_id, name, created_at, modified_at)
VALUES (9, 5, '시나몬 선택', NOW(), NOW());

INSERT INTO option_group (id, product_id, name, created_at, modified_at)
VALUES (10, 6, '샷 추가', NOW(), NOW());

INSERT INTO option_group (id, product_id, name, created_at, modified_at)
VALUES (11, 6, '바닐라 시럽 조절', NOW(), NOW());

INSERT INTO option_group (id, product_id, name, created_at, modified_at)
VALUES (12, 7, '샷 추가', NOW(), NOW());

INSERT INTO option_group (id, product_id, name, created_at, modified_at)
VALUES (13, 7, '휘핑 추가', NOW(), NOW());

INSERT INTO option_group (id, product_id, name, created_at, modified_at)
VALUES (14, 8, '당도 조절', NOW(), NOW());

INSERT INTO option_group (id, product_id, name, created_at, modified_at)
VALUES (15, 9, '당도 조절', NOW(), NOW());

INSERT INTO option_group (id, product_id, name, created_at, modified_at)
VALUES (16, 9, '얼음 선택', NOW(), NOW());

INSERT INTO option_group (id, product_id, name, created_at, modified_at)
VALUES (17, 12, '얼음 선택', NOW(), NOW());

INSERT INTO option_group (id, product_id, name, created_at, modified_at)
VALUES (18, 12, '당도 조절', NOW(), NOW());

INSERT INTO option_group (id, product_id, name, created_at, modified_at)
VALUES (19, 13, '얼음 선택', NOW(), NOW());

INSERT INTO option_group (id, product_id, name, created_at, modified_at)
VALUES (20, 13, '과육 추가', NOW(), NOW());

INSERT INTO option_group (id, product_id, name, created_at, modified_at)
VALUES (21, 14, '샷 추가', NOW(), NOW());

INSERT INTO option_group (id, product_id, name, created_at, modified_at)
VALUES (22, 15, '샷 추가', NOW(), NOW());

INSERT INTO option_group (id, product_id, name, created_at, modified_at)
VALUES (23, 15, '얼음 선택', NOW(), NOW());

INSERT INTO option_group (id, product_id, name, created_at, modified_at)
VALUES (24, 16, '얼음 선택', NOW(), NOW());

INSERT INTO option_group (id, product_id, name, created_at, modified_at)
VALUES (25, 16, '당도 조절', NOW(), NOW());

INSERT INTO option_group (id, product_id, name, created_at, modified_at)
VALUES (26, 17, '휘핑 추가', NOW(), NOW());

INSERT INTO option_group (id, product_id, name, created_at, modified_at)
VALUES (27, 17, '얼음 선택', NOW(), NOW());

INSERT INTO option_group (id, product_id, name, created_at, modified_at)
VALUES (28, 18, '얼음 선택', NOW(), NOW());

INSERT INTO option_group (id, product_id, name, created_at, modified_at)
VALUES (29, 18, '당도 조절', NOW(), NOW());

--- OPTION ---
INSERT INTO option (id, option_group_id, name, price, created_at, modified_at)
VALUES (1, 1, '1샷 추가', 500, NOW(), NOW());

INSERT INTO option (id, option_group_id, name, price, created_at, modified_at)
VALUES (2, 1, '2샷 추가', 1000, NOW(), NOW());

INSERT INTO option (id, option_group_id, name, price, created_at, modified_at)
VALUES (3, 1, '추가 안함', 0, NOW(), NOW());

INSERT INTO option (id, option_group_id, name, price, created_at, modified_at)
VALUES (4, 2, '1샷 추가', 500, NOW(), NOW());

INSERT INTO option (id, option_group_id, name, price, created_at, modified_at)
VALUES (5, 2, '2샷 추가', 1000, NOW(), NOW());

INSERT INTO option (id, option_group_id, name, price, created_at, modified_at)
VALUES (6, 2, '추가 안함', 0, NOW(), NOW());

INSERT INTO option (id, option_group_id, name, price, created_at, modified_at)
VALUES (7, 3, '일반우유', 0, NOW(), NOW());

INSERT INTO option (id, option_group_id, name, price, created_at, modified_at)
VALUES (8, 3, '무지방우유', 0, NOW(), NOW());

INSERT INTO option (id, option_group_id, name, price, created_at, modified_at)
VALUES (9, 3, '두유', 500, NOW(), NOW());

INSERT INTO option (id, option_group_id, name, price, created_at, modified_at)
VALUES (10, 4, '1샷 추가', 500, NOW(), NOW());

INSERT INTO option (id, option_group_id, name, price, created_at, modified_at)
VALUES (11, 4, '2샷 추가', 1000, NOW(), NOW());

INSERT INTO option (id, option_group_id, name, price, created_at, modified_at)
VALUES (12, 4, '추가 안함', 0, NOW(), NOW());

INSERT INTO option (id, option_group_id, name, price, created_at, modified_at)
VALUES (13, 5, '휘핑 추가', 500, NOW(), NOW());

INSERT INTO option (id, option_group_id, name, price, created_at, modified_at)
VALUES (14, 5, '없음', 0, NOW(), NOW());

INSERT INTO option (id, option_group_id, name, price, created_at, modified_at)
VALUES (15, 6, '1샷 추가', 500, NOW(), NOW());

INSERT INTO option (id, option_group_id, name, price, created_at, modified_at)
VALUES (16, 6, '2샷 추가', 1000, NOW(), NOW());

INSERT INTO option (id, option_group_id, name, price, created_at, modified_at)
VALUES (17, 6, '추가 안함', 0, NOW(), NOW());

INSERT INTO option (id, option_group_id, name, price, created_at, modified_at)
VALUES (18, 7, '휘핑 추가', 500, NOW(), NOW());

INSERT INTO option (id, option_group_id, name, price, created_at, modified_at)
VALUES (19, 7, '없음', 0, NOW(), NOW());

INSERT INTO option (id, option_group_id, name, price, created_at, modified_at)
VALUES (20, 8, '1샷 추가', 500, NOW(), NOW());

INSERT INTO option (id, option_group_id, name, price, created_at, modified_at)
VALUES (21, 8, '2샷 추가', 1000, NOW(), NOW());

INSERT INTO option (id, option_group_id, name, price, created_at, modified_at)
VALUES (22, 8, '추가 안함', 0, NOW(), NOW());

INSERT INTO option (id, option_group_id, name, price, created_at, modified_at)
VALUES (23, 9, '시나몬 추가', 300, NOW(), NOW());

INSERT INTO option (id, option_group_id, name, price, created_at, modified_at)
VALUES (24, 9, '없음', 0, NOW(), NOW());

INSERT INTO option (id, option_group_id, name, price, created_at, modified_at)
VALUES (25, 10, '1샷 추가', 500, NOW(), NOW());

INSERT INTO option (id, option_group_id, name, price, created_at, modified_at)
VALUES (26, 10, '2샷 추가', 1000, NOW(), NOW());

INSERT INTO option (id, option_group_id, name, price, created_at, modified_at)
VALUES (27, 10, '추가 안함', 0, NOW(), NOW());

INSERT INTO option (id, option_group_id, name, price, created_at, modified_at)
VALUES (28, 11, '기본', 0, NOW(), NOW());

INSERT INTO option (id, option_group_id, name, price, created_at, modified_at)
VALUES (29, 11, '반만 넣기', 0, NOW(), NOW());

INSERT INTO option (id, option_group_id, name, price, created_at, modified_at)
VALUES (30, 11, '제거', 0, NOW(), NOW());

INSERT INTO option (id, option_group_id, name, price, created_at, modified_at)
VALUES (31, 12, '1샷 추가', 500, NOW(), NOW());

INSERT INTO option (id, option_group_id, name, price, created_at, modified_at)
VALUES (32, 12, '2샷 추가', 1000, NOW(), NOW());

INSERT INTO option (id, option_group_id, name, price, created_at, modified_at)
VALUES (33, 12, '추가 안함', 0, NOW(), NOW());

INSERT INTO option (id, option_group_id, name, price, created_at, modified_at)
VALUES (34, 13, '휘핑 추가', 500, NOW(), NOW());

INSERT INTO option (id, option_group_id, name, price, created_at, modified_at)
VALUES (35, 13, '없음', 0, NOW(), NOW());

INSERT INTO option (id, option_group_id, name, price, created_at, modified_at)
VALUES (36, 14, '기본', 0, NOW(), NOW());

INSERT INTO option (id, option_group_id, name, price, created_at, modified_at)
VALUES (37, 14, '70%', 0, NOW(), NOW());

INSERT INTO option (id, option_group_id, name, price, created_at, modified_at)
VALUES (38, 14, '50%', 0, NOW(), NOW());

INSERT INTO option (id, option_group_id, name, price, created_at, modified_at)
VALUES (39, 14, '30%', 0, NOW(), NOW());

INSERT INTO option (id, option_group_id, name, price, created_at, modified_at)
VALUES (40, 14, '0%', 0, NOW(), NOW());

INSERT INTO option (id, option_group_id, name, price, created_at, modified_at)
VALUES (41, 15, '기본', 0, NOW(), NOW());

INSERT INTO option (id, option_group_id, name, price, created_at, modified_at)
VALUES (42, 15, '70%', 0, NOW(), NOW());

INSERT INTO option (id, option_group_id, name, price, created_at, modified_at)
VALUES (43, 15, '50%', 0, NOW(), NOW());

INSERT INTO option (id, option_group_id, name, price, created_at, modified_at)
VALUES (44, 15, '30%', 0, NOW(), NOW());

INSERT INTO option (id, option_group_id, name, price, created_at, modified_at)
VALUES (45, 15, '0%', 0, NOW(), NOW());

INSERT INTO option (id, option_group_id, name, price, created_at, modified_at)
VALUES (46, 16, '얼음 많음', 0, NOW(), NOW());

INSERT INTO option (id, option_group_id, name, price, created_at, modified_at)
VALUES (47, 16, '보통', 0, NOW(), NOW());

INSERT INTO option (id, option_group_id, name, price, created_at, modified_at)
VALUES (48, 16, '적게', 0, NOW(), NOW());

INSERT INTO option (id, option_group_id, name, price, created_at, modified_at)
VALUES (49, 16, '얼음 없음', 0, NOW(), NOW());

INSERT INTO option (id, option_group_id, name, price, created_at, modified_at)
VALUES (50, 17, '얼음 많음', 0, NOW(), NOW());

INSERT INTO option (id, option_group_id, name, price, created_at, modified_at)
VALUES (51, 17, '보통', 0, NOW(), NOW());

INSERT INTO option (id, option_group_id, name, price, created_at, modified_at)
VALUES (52, 17, '적게', 0, NOW(), NOW());

INSERT INTO option (id, option_group_id, name, price, created_at, modified_at)
VALUES (53, 17, '얼음 없음', 0, NOW(), NOW());

INSERT INTO option (id, option_group_id, name, price, created_at, modified_at)
VALUES (54, 18, '기본', 0, NOW(), NOW());

INSERT INTO option (id, option_group_id, name, price, created_at, modified_at)
VALUES (55, 18, '70%', 0, NOW(), NOW());

INSERT INTO option (id, option_group_id, name, price, created_at, modified_at)
VALUES (56, 18, '50%', 0, NOW(), NOW());

INSERT INTO option (id, option_group_id, name, price, created_at, modified_at)
VALUES (57, 18, '30%', 0, NOW(), NOW());

INSERT INTO option (id, option_group_id, name, price, created_at, modified_at)
VALUES (58, 18, '0%', 0, NOW(), NOW());

INSERT INTO option (id, option_group_id, name, price, created_at, modified_at)
VALUES (59, 19, '얼음 많음', 0, NOW(), NOW());

INSERT INTO option (id, option_group_id, name, price, created_at, modified_at)
VALUES (60, 19, '보통', 0, NOW(), NOW());

INSERT INTO option (id, option_group_id, name, price, created_at, modified_at)
VALUES (61, 19, '적게', 0, NOW(), NOW());

INSERT INTO option (id, option_group_id, name, price, created_at, modified_at)
VALUES (62, 19, '얼음 없음', 0, NOW(), NOW());

INSERT INTO option (id, option_group_id, name, price, created_at, modified_at)
VALUES (63, 20, '과육 추가', 1000, NOW(), NOW());

INSERT INTO option (id, option_group_id, name, price, created_at, modified_at)
VALUES (64, 20, '기본', 0, NOW(), NOW());

INSERT INTO option (id, option_group_id, name, price, created_at, modified_at)
VALUES (65, 21, '1샷 추가', 500, NOW(), NOW());

INSERT INTO option (id, option_group_id, name, price, created_at, modified_at)
VALUES (66, 21, '2샷 추가', 1000, NOW(), NOW());

INSERT INTO option (id, option_group_id, name, price, created_at, modified_at)
VALUES (67, 21, '추가 안함', 0, NOW(), NOW());

INSERT INTO option (id, option_group_id, name, price, created_at, modified_at)
VALUES (68, 22, '1샷 추가', 500, NOW(), NOW());

INSERT INTO option (id, option_group_id, name, price, created_at, modified_at)
VALUES (69, 22, '2샷 추가', 1000, NOW(), NOW());

INSERT INTO option (id, option_group_id, name, price, created_at, modified_at)
VALUES (70, 22, '추가 안함', 0, NOW(), NOW());

INSERT INTO option (id, option_group_id, name, price, created_at, modified_at)
VALUES (71, 23, '얼음 많음', 0, NOW(), NOW());

INSERT INTO option (id, option_group_id, name, price, created_at, modified_at)
VALUES (72, 23, '보통', 0, NOW(), NOW());

INSERT INTO option (id, option_group_id, name, price, created_at, modified_at)
VALUES (73, 23, '적게', 0, NOW(), NOW());

INSERT INTO option (id, option_group_id, name, price, created_at, modified_at)
VALUES (74, 23, '얼음 없음', 0, NOW(), NOW());

INSERT INTO option (id, option_group_id, name, price, created_at, modified_at)
VALUES (75, 24, '얼음 많음', 0, NOW(), NOW());

INSERT INTO option (id, option_group_id, name, price, created_at, modified_at)
VALUES (76, 24, '보통', 0, NOW(), NOW());

INSERT INTO option (id, option_group_id, name, price, created_at, modified_at)
VALUES (77, 24, '적게', 0, NOW(), NOW());

INSERT INTO option (id, option_group_id, name, price, created_at, modified_at)
VALUES (78, 24, '얼음 없음', 0, NOW(), NOW());

INSERT INTO option (id, option_group_id, name, price, created_at, modified_at)
VALUES (79, 25, '기본', 0, NOW(), NOW());

INSERT INTO option (id, option_group_id, name, price, created_at, modified_at)
VALUES (80, 25, '70%', 0, NOW(), NOW());

INSERT INTO option (id, option_group_id, name, price, created_at, modified_at)
VALUES (81, 25, '50%', 0, NOW(), NOW());

INSERT INTO option (id, option_group_id, name, price, created_at, modified_at)
VALUES (82, 25, '30%', 0, NOW(), NOW());

INSERT INTO option (id, option_group_id, name, price, created_at, modified_at)
VALUES (83, 25, '0%', 0, NOW(), NOW());

INSERT INTO option (id, option_group_id, name, price, created_at, modified_at)
VALUES (84, 26, '휘핑 추가', 500, NOW(), NOW());

INSERT INTO option (id, option_group_id, name, price, created_at, modified_at)
VALUES (85, 26, '없음', 0, NOW(), NOW());

INSERT INTO option (id, option_group_id, name, price, created_at, modified_at)
VALUES (86, 27, '얼음 많음', 0, NOW(), NOW());

INSERT INTO option (id, option_group_id, name, price, created_at, modified_at)
VALUES (87, 27, '보통', 0, NOW(), NOW());

INSERT INTO option (id, option_group_id, name, price, created_at, modified_at)
VALUES (88, 27, '적게', 0, NOW(), NOW());

INSERT INTO option (id, option_group_id, name, price, created_at, modified_at)
VALUES (89, 27, '얼음 없음', 0, NOW(), NOW());

INSERT INTO option (id, option_group_id, name, price, created_at, modified_at)
VALUES (90, 28, '얼음 많음', 0, NOW(), NOW());

INSERT INTO option (id, option_group_id, name, price, created_at, modified_at)
VALUES (91, 28, '보통', 0, NOW(), NOW());

INSERT INTO option (id, option_group_id, name, price, created_at, modified_at)
VALUES (92, 28, '적게', 0, NOW(), NOW());

INSERT INTO option (id, option_group_id, name, price, created_at, modified_at)
VALUES (93, 28, '얼음 없음', 0, NOW(), NOW());

INSERT INTO option (id, option_group_id, name, price, created_at, modified_at)
VALUES (94, 29, '기본', 0, NOW(), NOW());

INSERT INTO option (id, option_group_id, name, price, created_at, modified_at)
VALUES (95, 29, '70%', 0, NOW(), NOW());

INSERT INTO option (id, option_group_id, name, price, created_at, modified_at)
VALUES (96, 29, '50%', 0, NOW(), NOW());

INSERT INTO option (id, option_group_id, name, price, created_at, modified_at)
VALUES (97, 29, '30%', 0, NOW(), NOW());

INSERT INTO option (id, option_group_id, name, price, created_at, modified_at)
VALUES (98, 29, '0%', 0, NOW(), NOW());